0,1
farm4_3266_2582988185_a89f168e3d.jpg,1
farm7_6185_6103321565_3abce2b0fc.jpg,1
farm9_8111_8516431626_93152af97e.jpg,1
farm6_5207_5308981768_d23f546737.jpg,1
farm3_2516_3691078475_bfe7a8c494.jpg,1
farm1_62_168391157_af8017a713.jpg,1
farm1_26_92961198_18a7e76601.jpg,1
farm4_3013_3068432589_58d903dbfa.jpg,1
farm4_3373_3258528847_1d56e12f5b.jpg,1
farm8_7218_6970868730_3998b49bf2.jpg,1
farm4_3751_12732033124_af67c22c3b.jpg,1
farm8_7340_9076382801_62f0b96c42.jpg,1
farm1_47_149639575_2a6d199c70.jpg,1
farm9_8297_7985448325_6e0fc58665.jpg,1
farm1_765_21611984626_50e9bd29c4_b.jpg,1
farm4_3586_3510333058_a2132c7370_b.jpg,1
farm2_1045_635363950_715468d94e.jpg,1
farm7_6137_5977245366_6afd012c16.jpg,1
farm6_5140_5429959931_60431e9dcb.jpg,1
farm4_3287_2994681020_74fe9b097a.jpg,1
farm3_2322_2241538526_e87d527d0d.jpg,1
farm6_5111_5823194069_8a5dcee8d4.jpg,1
farm4_3532_3895364118_12e59c688b.jpg,1
farm4_3106_2759436397_2bf393687f.jpg,1
farm6_5144_5859575750_98d26f41d5.jpg,1
farm4_3565_3469424939_8d15421c76.jpg,1
farm5_4040_4351782223_ac1f1932d9.jpg,1
farm9_8456_8067857990_111b049420.jpg,1
farm2_1157_1512697144_aeb59db32e.jpg,1
farm6_5081_5193966939_b3c2b5cdba.jpg,1
farm4_3029_2735548716_b93dae8f31.jpg,1
farm9_8147_7659096850_f67890f8ab.jpg,1
farm1_87_244348142_5bb0532c8c.jpg,1
farm2_1338_539019784_28ec8a59a8.jpg,1
farm3_2869_11387692815_13ff076891_b.jpg,1
farm4_3129_2667021767_e4dfe23f7c.jpg,1
farm1_168_415600696_799fcd7ca7.jpg,1
farm4_3103_2592783817_df0fd916dc.jpg,1
farm2_1373_930089818_6ccb2e6a54.jpg,1
farm4_3462_4003780506_6705953bbe.jpg,1
farm1_54_109523713_9373efca95.jpg,1
farm8_7014_6537477921_4e50eac84f.jpg,1
farm1_101_283300728_c14db2d7c6.jpg,1
farm9_8175_8035099399_25342b93dd.jpg,1
farm3_2327_2485743751_a96618089d.jpg,1
farm3_2843_11386999695_682076c8fa.jpg,1
farm7_6050_6280300709_86bda1a5d3.jpg,1
farm6_5085_5300021475_400f01b5e0.jpg,1
farm8_7015_6566612677_0f8e540bbc.jpg,1
farm2_1291_1103361829_4f8066ae1b.jpg,1
farm6_5499_11091582226_35e8a0c13a.jpg,1
farm9_8280_10186172956_5471ef5276.jpg,1
farm1_231_459172656_03a31369a6.jpg,1
farm8_7052_6847204248_6128241833.jpg,1
farm4_3078_3203194346_76f64b72f2.jpg,1
farm4_3649_3458679466_0fba27f4b5.jpg,1
farm3_2509_4001850721_86ba3b7f0d.jpg,1
farm8_7123_26955082373_6b1e173914_b.jpg,1
farm6_5266_5632729348_3891c0762b.jpg,1
farm6_5148_5854047833_63027c1517.jpg,1
farm1_1_130867541_03b04a27fe.jpg,1
farm1_189_465425757_44b2e98434.jpg,1
farm3_2311_2129552011_a9a545c4af.jpg,1
farm2_1152_989955457_5f4f5b0ef7.jpg,1
farm3_2725_4480434037_0c1e964832.jpg,1
farm7_6167_6152080384_b7b9543edf.jpg,1
farm3_2438_3918868543_c339a9ff5a.jpg,1
farm3_2289_2163974908_3251d7914b.jpg,1
farm3_2651_4147118062_e50b44a069.jpg,1
farm4_3047_2904877843_041a98e834.jpg,1
farm9_8366_8373807412_a1dcbd68fc.jpg,1
farm3_2747_4408474311_39fbb74311.jpg,1
farm9_8211_8260420780_f6b4c33a86_b.jpg,1
farm1_44_127735626_58dac832c3.jpg,1
farm5_4017_4227777982_5afb3b1390.jpg,1
farm3_2229_1795127607_aa65c03ef5.jpg,1
farm1_40_82269530_244da7085d.jpg,1
farm6_5304_5842223384_333461687e.jpg,1
farm1_245_550346373_2256dde929.jpg,1
farm3_2506_3950211277_76e443a987.jpg,1
farm4_3537_3399036084_e8919a7593.jpg,1
farm4_3429_3276413484_6a16369d6a.jpg,1
farm9_8435_7917100718_46d355b748.jpg,1
farm5_4154_4846816776_3da4e6f557.jpg,1
farm2_1372_634763270_10415f1532.jpg,1
farm4_3301_3411901667_50b1465941.jpg,1
farm4_3645_3544884115_873a7c03e4.jpg,1
farm7_6104_6275731582_f5069d21a2.jpg,1
farm9_8236_8598008328_4d5d215467.jpg,1
farm4_3917_14596284685_62a464a25c_b.jpg,1
farm6_5189_5651990782_9a256a2e4f.jpg,1
farm2_1354_1399328504_1dcb15ce8a.jpg,1
farm4_3468_3376885593_5e0ab8f185.jpg,1
farm6_5030_5646262510_0a866b422a.jpg,1
farm3_2677_4345473472_480aa65dfd.jpg,1
farm3_2377_1580791640_156c032e3b.jpg,1
farm7_6131_5978364961_4a576967b5.jpg,1
farm8_7122_7704712504_fe1240fcfd.jpg,1
farm5_4032_4702121296_8933e4a6e7.jpg,1
farm6_5141_5638323281_f851502b63.jpg,1
farm9_8230_8466104251_afde8e2a62.jpg,1
farm4_3272_2343838509_15540c0e87_b.jpg,1
farm7_6018_5951563291_75e55aa9c2.jpg,1
farm1_51_109347571_a0db0129ff.jpg,1
farm2_1262_544510612_f28deb5279.jpg,1
farm6_5087_5258736065_35e709cc9d.jpg,1
farm8_7438_10165461955_f46e1c45c7.jpg,1
farm3_2489_4142545525_8db5a8128c.jpg,1
farm5_4005_4342080449_eae679a169.jpg,1
farm4_3173_2689127008_da545ec7ed.jpg,1
farm3_2278_1809508934_a0ddbcec03.jpg,1
farm1_70_159827665_2f481a46ee.jpg,1
farm5_4083_5020533639_a57743ca97.jpg,1
farm4_3053_3253099366_9674ca9468.jpg,1
farm3_2289_2098042721_7e04572320.jpg,1
farm9_8025_7429318802_4e8e15cbbd.jpg,1
farm8_7161_6583366555_88935e7b8b.jpg,1
farm9_8207_8195966955_6745c31a96.jpg,1
farm4_3320_3472334041_ee71975209.jpg,1
farm4_3123_3121486305_4e9f23d7aa.jpg,1
farm3_2805_10464042923_ba8b0fa31b.jpg,1
farm4_3029_2950422664_4d6a9d8c18.jpg,1
farm4_3348_3554323312_9707a04131.jpg,1
farm8_7029_6707851515_c84d397168.jpg,1
farm3_2156_5755394007_fd72c7b690.jpg,1
farm2_1333_1470860793_08bed80b19.jpg,1
farm1_65_165323016_1170f3a197.jpg,1
farm5_4059_4367476933_2990f151a9.jpg,1
farm1_111_317269193_ef1edd5f8b.jpg,1
farm1_17_20717537_55c2aa8263_b.jpg,1
farm4_3356_3659302258_57dbb0c3b6.jpg,1
farm6_5327_9363136561_bcc4c9718d.jpg,1
farm8_7111_27467217232_486f55f010_b.jpg,1
farm4_3423_3864786437_19a8d6d94e.jpg,1
farm4_3136_2978234609_da0a2dc51d.jpg,1
farm2_1412_5107598382_e543ce708f.jpg,1
farm7_6173_6198949080_375321b724.jpg,1
farm5_4027_5156738556_2184d509be.jpg,1
farm3_2126_1974122834_99c6d37de6.jpg,1
farm6_5215_5460188173_cfcd1bb1ac_b.jpg,1
farm4_3078_2423568655_869df17be8.jpg,1
farm2_1410_1448476860_208b68270a.jpg,1
farm1_41_84570140_ce08a1a5c0.jpg,1
farm6_5503_10139143843_bf7549463e.jpg,1
farm4_3424_3992947884_e0c0d91f97.jpg,1
farm3_2588_3893235204_d517aca698.jpg,1
farm4_3026_2481862847_4a47a19c9f.jpg,1
farm4_3170_2731289811_b6c5cafe88.jpg,1
farm1_77_198494319_1759aca243.jpg,1
farm1_16_22890347_7815cffb7d.jpg,1
farm6_5084_5200116955_df5a96b176.jpg,1
farm3_2628_3720615934_98956d38c3_b.jpg,1
farm4_3348_3519319233_76c4ff7825.jpg,1
farm5_4064_4422654678_52d95f5df5.jpg,1
farm4_3162_2800661020_2e66ce3fc3.jpg,1
farm8_7157_6836324639_ccd8e98290.jpg,1
farm4_3452_3700660949_ebccffb1b2_b.jpg,1
farm3_2572_3924173750_c92e47dd7f.jpg,1
farm1_240_449815759_aa986b9a85.jpg,1
farm5_4040_4639878971_f8d2fdceaa.jpg,1
farm4_3270_2799852804_db3728cc06.jpg,1
farm3_2034_2124708436_0ed112531c.jpg,1
farm3_2716_4342814824_d978e9e19d.jpg,1
farm1_48_137632418_a9ac26dac2.jpg,1
farm2_1426_867539652_32b502c0a1.jpg,1
farm1_77_198494319_1759aca243.jpg,1
farm4_3085_2310109701_cee8c95ba6.jpg,1
farm4_3090_2881298385_b0c248be5b_b.jpg,1
farm9_8055_8387738449_9639c16496.jpg,1
farm3_2697_4443896927_3e0a9e0877.jpg,1
farm8_7052_6847204248_6128241833.jpg,1
farm8_7153_6386949197_7a5381c5a9.jpg,1
farm2_1425_1316305909_b52ba0dd39.jpg,1
farm2_1259_1026961119_6ecde543f7.jpg,1
farm4_3187_2741685923_c71d25a523.jpg,1
farm2_1169_876021459_8c177df010.jpg,1
farm9_8297_7982183412_c799e285e9_b.jpg,1
farm4_3812_12388787335_4701c6f187.jpg,1
farm5_4105_5039564936_9283013975.jpg,1
farm4_3740_13653987533_bf8201e0e3.jpg,1
farm1_27_96360894_c36f5f5951.jpg,1
farm3_2424_4074120294_6bab8fba5c.jpg,1
farm8_7017_6528759413_d96112fd82.jpg,1
farm5_4124_5396185783_d3406540fe.jpg,1
farm1_101_303786781_40d234f9b2.jpg,1
farm9_8054_8090057167_a3822034bc.jpg,1
farm1_92_224652525_21b09603c3_b.jpg,1
farm8_7192_6865092316_3dce3e7713.jpg,1
farm3_2188_2106091207_945106a3a5.jpg,1
farm6_5100_5472364584_5b5fef1980.jpg,1
farm5_4014_4677946439_5a29d54467.jpg,1
farm2_1382_5164103096_8e4e2be145.jpg,1
farm4_3138_2805731055_c47b8dbdaf.jpg,1
farm1_142_320953084_c72b05e4b9.jpg,1
farm8_7323_12214874824_6f07888617.jpg,1
farm1_33_36400664_76d6ca10d9.jpg,1
farm5_4054_4525894232_a024dde199.jpg,1
farm4_3444_3821510209_f0b421eea9.jpg,1
farm4_3230_2735278747_3e4d84b96d.jpg,1
farm4_3821_9178872468_309ddb6f5e.jpg,1
farm6_5267_5821559536_86e75da00f.jpg,1
farm2_1357_644422248_74baa2b20f_b.jpg,1
farm4_3033_2583783148_0af99e8357.jpg,1
farm8_7108_7432710802_60bd2b3d38.jpg,1
farm2_1282_780500286_919da3e8ce.jpg,1
farm4_3798_9366214919_475dac9898.jpg,1
farm1_25_63894659_b767e9770d.jpg,1
farm2_1383_5159985847_2075ee023f.jpg,1
farm1_126_390559171_d5fb973e89_b.jpg,1
farm3_2405_2116908306_9245bfcff1.jpg,1
farm6_5744_23993669945_958679a668_b.jpg,1
farm1_36_85419181_3154bb2d94.jpg,1
farm1_147_351460864_7dea5bde98.jpg,1
farm7_6084_6058260610_82b801c30a.jpg,1
farm1_56_145207194_1eee52f235_b.jpg,1
farm3_2316_3557086786_fa6ec95ebc.jpg,1
farm1_27_50350011_2c3c6c958e.jpg,1
farm3_2522_3903158317_f24e269364.jpg,1
farm2_1045_635363950_715468d94e.jpg,1
farm8_7438_10165461955_f46e1c45c7.jpg,1
farm8_7460_12957926614_7614a91bb1.jpg,1
farm4_3055_2993834525_24428f53b2.jpg,1
farm3_2322_2241538526_e87d527d0d.jpg,1
farm9_8101_8456404355_1d9d0d71c9.jpg,1
farm8_7235_7281119684_1c0dd71dd7.jpg,1
farm8_7316_8720020762_3494ded10f.jpg,1
farm8_7261_6888128792_592d87ed5d.jpg,1
farm4_3094_2579876171_9e958a9b7e.jpg,1
farm1_82_268263715_0c21865d78.jpg,1
farm5_4009_4672195208_3613338e79_b.jpg,1
farm2_1127_829136087_d31e7d9ae4.jpg,1
farm4_3236_2675305907_4363612e6e.jpg,1
farm1_59_197438327_e713584fdf.jpg,1
farm3_2699_4430629184_579980804a.jpg,1
farm1_87_244348142_5bb0532c8c.jpg,1
farm1_57_175114908_fefb0b99bf.jpg,1
farm4_3770_10163593084_0c504acc0e.jpg,1
farm5_4007_4702114658_2b4fb70ceb.jpg,1
farm2_1057_615053915_02ccd49159.jpg,1
farm6_5209_5341094895_79799ac13b.jpg,1
farm6_5475_11550913095_402087903e_b.jpg,1
farm3_2128_2061276671_1c7be336b1.jpg,1
farm5_4120_4771929292_15daa35a7f.jpg,1
farm7_6119_6306463636_54448f54d6.jpg,1
farm3_2090_2095570731_81e7bae9c1.jpg,1
farm4_3011_2666468122_270584ef16.jpg,1
farm7_6018_5951563291_75e55aa9c2.jpg,1
farm4_3095_2582133564_07d7f50a35.jpg,1
farm5_4034_4657113531_3fed25654e.jpg,1
farm6_5085_5300021475_400f01b5e0.jpg,1
farm3_2250_2517786261_37577a86f6.jpg,1
farm3_2766_4267642738_d963f0f54d.jpg,1
farm6_5518_12432002374_abe2a7aa81.jpg,1
farm1_98_248873680_cc459d0dac.jpg,1
farm4_3087_2808975680_0a0866559d.jpg,1
farm4_3191_3080710803_c6fa31a8c4.jpg,1
farm8_7151_6489452127_35c845919d.jpg,1
farm5_4110_5043637845_6e77f1d151.jpg,1
farm3_2509_4001850721_86ba3b7f0d.jpg,1
farm8_7123_26955082373_6b1e173914_b.jpg,1
farm1_171_408616399_b3ef9473df.jpg,1
farm4_3058_2440193357_27b13fc865_b.jpg,1
farm1_25_48470047_ed167d38bc.jpg,1
farm3_2620_4146266443_8d4cf7b3fb.jpg,1
farm3_2315_2476100054_6d13362d4e.jpg,1
farm4_3469_5718952516_758467afea_b.jpg,1
farm5_4006_4465748094_479cce2fd6.jpg,1
farm8_7354_26926768764_85e353e38f_b.jpg,1
farm6_5819_22140065365_8def38005e_b.jpg,1
farm1_50_128119325_db060be1ce.jpg,1
farm4_3047_2823070816_1dcbac61c4.jpg,1
farm4_3047_2904877843_041a98e834.jpg,1
farm6_5513_11055433514_b762eee1b3.jpg,1
farm3_2696_4408477131_ddf5130bf1.jpg,1
farm9_8211_8260420780_f6b4c33a86_b.jpg,1
farm6_5547_11621670435_2712011627.jpg,1
farm5_4104_5130480439_b2f312360f.jpg,1
farm4_3035_2677143841_79cd63b050.jpg,1
farm9_8285_7798844272_ea34b078e5.jpg,1
farm6_5304_5842223384_333461687e.jpg,1
farm1_245_550346373_2256dde929.jpg,1
farm4_3243_2957449323_04d0b81b91.jpg,1
farm3_2566_3773281493_1a201ebc6d.jpg,1
farm4_3097_2556569571_5a26c45694.jpg,1
farm7_6182_6042300219_ef4320dcdd.jpg,1
farm5_4154_4846816776_3da4e6f557.jpg,1
farm2_1025_634641006_2b7abefb9b.jpg,1
farm1_41_85419165_ff01642130.jpg,1
farm3_2235_1795817025_f1b44a9219.jpg,1
farm7_6104_6275731582_f5069d21a2.jpg,1
farm1_58_202516564_ea2a6b0853.jpg,1
farm9_8145_7101902529_1c31d379e5.jpg,1
farm6_5189_5651990782_9a256a2e4f.jpg,1
farm2_1354_1399328504_1dcb15ce8a.jpg,1
farm5_4057_5139086950_6943dc247d.jpg,1
farm2_1159_1238225777_b06e0bc95c.jpg,1
farm1_222_494988003_dc032d7997.jpg,1
farm6_5223_5683421435_826451c655.jpg,1
farm8_7034_6587938453_29ea27ce96.jpg,1
farm9_8316_8062380234_8666cb345b.jpg,1
farm4_3584_3549309942_e431d965d4.jpg,1
farm4_3006_3087260908_efff581448.jpg,1
farm9_8230_8466104251_afde8e2a62.jpg,1
farm3_2094_2112040319_d4758d32ce.jpg,1
farm3_2135_1704921553_e41ebe1f57.jpg,1
farm3_2593_4106180346_f6927af890.jpg,1
farm4_3133_2571908586_d55eb1cdec.jpg,1
farm6_5087_5258736065_35e709cc9d.jpg,1
farm1_129_318420646_8e97363eba.jpg,1
farm3_2452_3720917846_91908df1c3.jpg,1
farm5_4005_4342080449_eae679a169.jpg,1
farm5_4101_4889865365_1172672487.jpg,1
farm3_2323_2247629784_af8d1c42bd.jpg,1
farm6_5105_5675403568_e27fa727bf.jpg,1
farm4_3231_2813375974_b0190af9d5.jpg,1
farm1_110_275037428_01961d0633.jpg,1
farm1_222_497348643_f80eb0b396.jpg,1
farm7_6182_6042300219_ef4320dcdd.jpg,1
farm4_3452_3962456667_78b2f36d47.jpg,1
farm3_2124_2073218228_bcdf6c81f6.jpg,1
farm2_1067_1481209320_3d055f63c8.jpg,1
farm1_129_334819014_5078721931.jpg,1
farm4_3026_2782709248_6ee1eb42e5.jpg,1
farm4_3029_2950422664_4d6a9d8c18.jpg,1
farm5_4003_4531724431_f9d97975d5.jpg,1
farm5_4067_4236907143_a443234e6d.jpg,1
farm6_5125_5293225118_d5fef98aa7.jpg,1
farm1_85_268958989_9f218c70d0.jpg,1
farm5_4131_5175358216_9afc838411.jpg,1
farm6_5261_5558269413_22a8147c93.jpg,1
farm9_8519_8512920224_66121f5b04.jpg,1
farm5_4046_4613096667_681391e1d5.jpg,1
farm2_1351_829089395_90b0b36509.jpg,1
farm4_3709_9365911076_f36f1c34a5.jpg,1
farm8_7111_27467217232_486f55f010_b.jpg,1
farm4_3423_3864786437_19a8d6d94e.jpg,1
farm9_8343_8169468016_7d57d3fbaf.jpg,1
farm3_2498_3694097158_cc2e0025e2.jpg,1
farm6_5285_5244425856_5922a337d1.jpg,1
farm1_43_125851021_2b875a889c.jpg,1
farm8_7270_6864473218_2ddc843c96.jpg,1
farm8_7462_15891811427_2a01dc3581_b.jpg,1
farm1_36_85419181_3154bb2d94.jpg,1
farm3_2794_4241685172_279f87c77d.jpg,1
farm9_8150_6960688334_d79e8637cf.jpg,1
farm9_8179_7977637814_af37aa240d.jpg,1
farm7_6002_5913078997_73462c254c.jpg,1
farm3_2738_4284080875_dc8665a3b2.jpg,1
farm3_2498_3747765800_5365a98520.jpg,1
farm9_8402_8673873391_b14aba22ca.jpg,1
farm1_25_52147098_612965587d.jpg,1
farm1_198_459775676_0b241baf2c.jpg,1
farm1_127_371959409_5d1ce135ba.jpg,1
farm6_5184_5839223724_28fd3017f5_b.jpg,1
farm4_3266_2460444663_965df7a860.jpg,1
farm5_4135_5438601201_a9e5f13194.jpg,1
farm1_121_296027330_f86dd8864c.jpg,1
farm9_8079_8270185994_6daba92e59.jpg,1
farm4_3452_3700660949_ebccffb1b2_b.jpg,1
farm3_2493_3923327747_e6e7ec99ca.jpg,1
farm5_4019_4525297295_1e8c5d5c3c.jpg,1
farm7_6087_6040332443_f5144ee3f9.jpg,1
farm3_2340_3543410157_e67e627902.jpg,1
farm3_2199_2123928423_72b2157616.jpg,1
farm3_2716_4342814824_d978e9e19d.jpg,1
farm3_2731_4451224152_3d60965a51.jpg,1
farm5_4009_4577771968_520409f5ed.jpg,1
farm3_2182_2163952592_0a08a5bd19.jpg,1
farm4_3273_2310104373_ba7853bb37.jpg,1
farm4_3090_2881298385_b0c248be5b_b.jpg,1
farm2_1169_526599286_d9e243a815.jpg,1
farm6_5508_9076176210_725c2bd100.jpg,1
farm3_2876_9316833281_a71768de9a.jpg,1
farm1_53_149315138_3ecc193d19.jpg,1
farm7_6078_6066549846_78a5760ab3.jpg,1
farm4_3192_2996303123_286b7ea9cc.jpg,1
farm3_2638_3992578698_932a3a6191.jpg,1
farm6_5084_5200116955_df5a96b176.jpg,1
farm4_3455_3274921733_fb17df4e3e.jpg,1
farm4_3812_12388787335_4701c6f187.jpg,1
farm4_3062_2561347985_9a0d42e93f.jpg,1
farm8_7189_6857125039_54f20e8fdd.jpg,1
farm2_1259_1026961119_6ecde543f7.jpg,1
farm4_3807_10145756305_5627be8d7f.jpg,1
farm6_5486_9477803896_37ea6287a8.jpg,1
farm5_4109_5396105875_5e925a2172.jpg,1
farm1_103_303770465_e3dc1fdcec.jpg,1
farm6_5112_5852273337_7f910a0803.jpg,1
farm6_5139_5460153346_6202dc215f_b.jpg,1
farm8_7192_6865092316_3dce3e7713.jpg,1
farm3_2188_2106091207_945106a3a5.jpg,1
farm1_623_22118981132_63684098b1_b.jpg,1
farm4_3540_3370946055_92f964bdf2.jpg,1
farm3_2706_4521425191_5a0666b39a.jpg,1
farm4_3127_2806606854_5384897a47.jpg,1
farm9_8213_8442927236_ee1d81659f.jpg,1
farm1_199_505344182_d99084a165.jpg,1
farm4_3096_3145035281_f478597bc3.jpg,1
farm1_208_449833701_70449feae6.jpg,1
farm4_3444_3821510209_f0b421eea9.jpg,1
farm2_1312_5138184425_84bb8265d2.jpg,1
farm9_8422_7851256326_31d550ba23.jpg,1
farm1_43_86200121_aa17456516_b.jpg,1
farm3_2147_2051381036_ac596755a0.jpg,1
